divulga.tse.jus.br/2018/divulgacao/oficial/327/distribuicao/ro/ro00132-c0011-e000327-001-f.zip,
divulga.tse.jus.br/2018/divulgacao/oficial/327/distribuicao/ro/ro00132-c0011-e000327-v.zip,
divulga.tse.jus.br/2018/divulgacao/oficial/327/distribuicao/ro/ro00132-c0011-e000327-002-f.zip,
divulga.tse.jus.br/2018/divulgacao/oficial/327/dadosdivweb/ro/ro00132-c0011-e000327-w.js,
divulga.tse.jus.br/2018/divulgacao/oficial/297/fotos/sp/250000611287.jpeg,
divulga.tse.jus.br/2018/divulgacao/oficial/297/fotos/sp/250000613312.jpeg,
divulga.tse.jus.br/2018/divulgacao/oficial/297/fotos/sp/250000623543.jpeg,
divulga.tse.jus.br/2018/divulgacao/oficial/297/fotos/sp/250000609867.jpeg



tse-divulga.s3-accelerate.amazonaws.com/2018/divulgacao/oficial/297/fotos/sp/250000609867.jpeg

tse-divulga.s3-website-sa-east-1.amazonaws.com/2018/divulgacao/oficial/297/fotos/sp/250000609867.jpeg